{"count":1,"gauges":{},"self":70.1669184,"total":84.4948787,"children":{"AgentResetIfDone":{"count":4167,"self":0.1127357,"total":0.1127357,"children":null},"AgentSendState":{"count":4167,"self":0.3110672,"total":0.44032119999999997,"children":{"CollectObservations":{"count":8336,"self":0.129254,"total":0.129254,"children":null}}},"DecideAction":{"count":4167,"self":12.073566399999999,"total":13.2665195,"children":{"RayPerceptionSensor.Perceive":{"count":8336,"self":1.1929534,"total":1.1929534,"children":null}}},"AcademyStep":{"count":4167,"self":0.025392099999999997,"total":0.025392099999999997,"children":null},"AgentAct":{"count":4167,"self":0.48147229999999996,"total":0.48147229999999996,"children":null}}}